{"train_accuracy": 0.7589285373687744, "train_loss": 0.5396285057067871, "test_accuracy": 0.484375, "test_loss": 1.5766065120697021, "_runtime": 228, "_timestamp": 1666624597, "_step": 4}